Hyundai,Mahindra,Ford,Maruti,Skoda,Audi,Toyota,Renault,Honda,Datsun,Mitsubishi,Tata,Volkswagen,Chevrolet,Mini,BMW,Nissan,Hindustan,Fiat,Force,Mercedes,Land,Jaguar,Jeep,Volvo
Hyundai Santro Xing,Mahindra Jeep CL550,Ford EcoSport Titanium,Maruti Suzuki Alto,Skoda Fabia Classic,Audi A8,Toyota Innova 2.0,Renault Lodgy 85,Honda City 1.5,Datsun Redi GO,Mitsubishi Pajero Sport,Tata Indigo eCS,Volkswagen Polo Highline,Chevrolet Spark LS,Mini Cooper S,BMW 3 Series,Nissan Micra XV,Hindustan Motors Ambassador,Fiat Punto Emotion,Force Motors Force,Mercedes Benz GLA,Land Rover Freelander,Jaguar XE XE,Mahindra Jeep CL550,Volvo S80 Summum
Hyundai Grand i10,Mahindra Scorpio SLE,Ford Figo,Maruti Suzuki Stingray,Skoda Yeti Ambition,Audi Q7,Toyota Corolla Altis,Renault Duster 110,Honda Amaze,Datsun GO T,Mitsubishi Lancer 1.8,Tata Indica V2,Volkswagen Vento Highline,Chevrolet Beat LT,,BMW 7 Series,Nissan Sunny,,Fiat Petra ELX,Force Motors One,Mercedes Benz B,,Jaguar XF 2.2,Mahindra Jeep MM,
Hyundai Eon,Mahindra Scorpio S10,Ford EcoSport Ambiente,Maruti Suzuki Vitara,Skoda Fabia 1.2L,Audi A4 1.8,Toyota Etios GD,Renault Duster 85,Honda Amaze 1.5,Datsun Go Plus,,Tata Indigo CS,Volkswagen Jetta Highline,Chevrolet Spark,,BMW 5 Series,Nissan Terrano XL,,Fiat Linea Emotion,,Mercedes Benz C,,,Jeep Wrangler Unlimited,
Hyundai Elite i20,Mahindra Bolero DI,Ford EcoSport,Maruti Suzuki Swift,Skoda Laura,Audi A4 2.0,Toyota Etios Liva,Renault Duster 110PS,Honda City,,,Tata Nano Cx,Volkswagen Polo Comfortline,Chevrolet Beat,,BMW X1 xDrive20d,Nissan X Trail,,,,Mercedes Benz A,,,,
Hyundai i20 Sportz,Mahindra Scorpio S4,Ford Figo Diesel,Maruti Suzuki Wagon,Skoda Rapid Elegance,Audi Q3 2.0,Toyota Innova 2.5,Renault Duster,Honda City ZX,,,Tata Sumo Victa,Volkswagen Polo,Chevrolet Spark LT,,BMW X1 sDrive20d,Nissan Sunny XL,,,,,,,,
Hyundai i20 Magna,Mahindra Scorpio VLX,Ford EcoSport Trend,Maruti Suzuki Baleno,Skoda Superb 1.8,Audi A6 2.0,Toyota Etios,Renault Kwid,Honda Brio,,,Tata Aria Pleasure,Volkswagen Passat Diesel,Chevrolet Beat LS,,BMW X1,Nissan Micra XL,,,,,,,,
Hyundai Verna Transform,Mahindra Quanto C8,Ford Fiesta,Maruti Suzuki Dzire,Skoda Octavia Classic,Audi Q5 2.0,Toyota Fortuner,Renault Scala RxL,Honda Amaze 1.2,,,Tata Sumo Gold,Volkswagen Vento Konekt,Chevrolet Tavera Neo,,,,,,,,,,,
Hyundai i10 Magna,Mahindra XUV500 W8,Ford Ikon 1.3,Maruti Suzuki SX4,Skoda Fabia,Audi A3 Cabriolet,Toyota Fortuner 3.0,Renault Kwid RXT,Honda City VX,,,Tata Manza Aura,Volkswagen Polo Trendline,Chevrolet Enjoy 1.4,,,,,,,,,,,
Hyundai Verna Fluidic,Mahindra Scorpio,Ford Figo Duratorq,Maruti Suzuki A,,,Toyota Corolla H2,Renault Kwid 1.0,Honda Jazz VX,,,Tata Vista Quadrajet,Volkswagen Vento Comfortline,Chevrolet Sail UVA,,,,,,,,,,,
Hyundai i20 Asta,Mahindra XUV500,Ford Figo Petrol,Maruti Suzuki Ertiga,,,Toyota Corolla,Renault Duster 85PS,Honda Accord,,,Tata Indigo LX,Volkswagen Jetta Comfortline,Chevrolet Beat Diesel,,,,,,,,,,,
Hyundai i10 Sportz,Mahindra Scorpio SLX,Ford Fiesta SXi,Maruti Suzuki Eeco,,,Toyota Etios G,Renault Duster RxL,Honda Mobilio,,,Tata Manza ELAN,Volkswagen Polo Highline1.2L,Chevrolet Beat PS,,,,,,,,,,,
Hyundai Eon Era,Mahindra Xylo E4,Ford Ikon 1.6,Maruti Suzuki Esteem,,,Toyota Qualis,,Honda Jazz S,,,Tata Indigo LS,,Chevrolet Cruze LTZ,,,,,,,,,,,
Hyundai i20,Mahindra Jeep MM,Ford Fusion 1.4,Maruti Suzuki Ritz,,,,,Honda Brio V,,,Tata Nano GenX,,Chevrolet Spark 1.0,,,,,,,,,,,
Hyundai Fluidic Verna,Mahindra Bolero SLE,Ford Endeavor 4x4,Maruti Suzuki Ciaz,,,,,Honda City SV,,,Tata Zest XE,,Chevrolet Enjoy,,,,,,,,,,,
Hyundai Creta 1.6,Mahindra Thar CRDe,,Maruti Suzuki Zen,,,,,Honda Mobilio S,,,Tata Tigor Revotron,,Chevrolet Tavera LS,,,,,,,,,,,
Hyundai i20 Active,Mahindra TUV300 T4,,Maruti Suzuki Maruti,,,,,Honda Brio VX,,,Tata Indica,,Chevrolet Sail 1.2,,,,,,,,,,,
Hyundai Eon Sportz,Mahindra Scorpio 2.6,,Maruti Suzuki Versa,,,,,Honda WR V,,,Tata Nano Lx,,,,,,,,,,,,,
Hyundai Accent GLX,Mahindra KUV100 K8,,Maruti Suzuki Omni,,,,,,,,Tata Nano,,,,,,,,,,,,,
Hyundai Elantra SX,Mahindra Bolero Power,,Maruti Suzuki 800,,,,,,,,Tata Zest Quadrajet,,,,,,,,,,,,,
Hyundai i10,Mahindra Scorpio W,,Maruti Suzuki Estilo,,,,,,,,Tata Indigo Marina,,,,,,,,,,,,,
Hyundai Accent,Mahindra TUV300 T8,,Maruti Suzuki Celerio,,,,,,,,Tata Nano LX,,,,,,,,,,,,,
Hyundai Verna,Mahindra Logan Diesel,,Maruti Suzuki S,,,,,,,,Tata Manza Aqua,,,,,,,,,,,,,
Hyundai Verna 1.4,Mahindra XUV500 W6,,,,,,,,,,Tata Venture EX,,,,,,,,,,,,,
Hyundai Sonata Transform,Mahindra Scorpio Vlx,,,,,,,,,,Tata Indica eV2,,,,,,,,,,,,,
Hyundai Verna 1.6,Mahindra XUV500 W10,,,,,,,,,,Tata Tiago Revotron,,,,,,,,,,,,,
Hyundai Xcent Base,Mahindra Xylo E8,,,,,,,,,,Tata Tiago Revotorq,,,,,,,,,,,,,
Hyundai Accent Executive,Mahindra KUV100,,,,,,,,,,Tata Sumo Grande,,,,,,,,,,,,,
Hyundai Eon Magna,Mahindra Scorpio LX,,,,,,,,,,Tata Bolt XM,,,,,,,,,,,,,
Hyundai Eon D,Mahindra Xylo D2,,,,,,,,,,Tata Manza,,,,,,,,,,,,,
Hyundai Getz Prime,Mahindra Logan,,,,,,,,,,Tata Zest XM,,,,,,,,,,,,,
Hyundai Santro,Mahindra Quanto C4,,,,,,,,,,,,,,,,,,,,,,,
Hyundai Accent GLE,,,,,,,,,,,,,,,,,,,,,,,,
Hyundai Verna VGT,,,,,,,,,,,,,,,,,,,,,,,,
Hyundai i10 Era,,,,,,,,,,,,,,,,,,,,,,,,
Hyundai Xcent SX,,,,,,,,,,,,,,,,,,,,,,,,
Hyundai Elantra 1.8,,,,,,,,,,,,,,,,,,,,,,,,
Hyundai Santro AE,,,,,,,,,,,,,,,,,,,,,,,,
Hyundai Getz GLE,,,,,,,,,,,,,,,,,,,,,,,,
Hyundai Creta,,,,,,,,,,,,,,,,,,,,,,,,
Hyundai i20 Select,,,,,,,,,,,,,,,,,,,,,,,,
Hyundai Getz,,,,,,,,,,,,,,,,,,,,,,,,
